Abstract ID	837	908	9	
837	1.0	0.450573	0.819176	
908	0.450573	1.0	0.483043	
9	0.819176	0.483043	1.0	
